Time, Position, Left, Up, Dir, WorldVel, WorldCarUp, IsGroundContact, IsWheelsBurning, IsReactorGroundMode, CurGear, FrontSpeed, InputSteer, InputGasPedal, InputBrakePedal, FLSteerAngle, FLWheelRot, FLWheelRotSpeed, FLDamperLen, FLSlipCoef, FRSteerAngle, FRWheelRot, FRWheelRotSpeed, FRDamperLen, FRSlipCoef, RLSteerAngle, RLWheelRot, RLWheelRotSpeed, RLDamperLen, RLSlipCoef, RRSteerAngle, RRWheelRot, RRWheelRotSpeed, RRDamperLen, RRSlipCoef
2764823, vec3(752; 66; 1200), vec3(-1; 0; 0), vec3(0; 1; 0), vec3(0; 0; -1), vec3(0; 0; 0), vec3(0; 1; 0), false, false, false, 1, 0, 0, 0, 0, 0, 0, 0, 0, 0, 0, 0, 0, 0, 0, 0, 0, 0, 0, 0, 0, 0, 0, 0, 0
2764872, vec3(752; 66; 1200), vec3(-1; 0; 0), vec3(0; 1; 0), vec3(0; 0; -1), vec3(0; 0; 0), vec3(0; 1; 0), false, false, false, 1, 0, 0, 0, 0, 0, 0, 0, 0, 0, 0, 0, 0, 0, 0, 0, 0, 0, 0, 0, 0, 0, 0, 0, 0
2764922, vec3(752; 66; 1200), vec3(-1; 0; 0), vec3(0; 1; 0), vec3(0; 0; -1), vec3(0; 0; 0), vec3(0; 1; 0), false, false, false, 1, 0, 0, 0, 0, 0, 0, 0, 0, 0, 0, 0, 0, 0, 0, 0, 0, 0, 0, 0, 0, 0, 0, 0, 0
2764972, vec3(752; 66; 1200), vec3(-1; 0; 0), vec3(0; 1; 0), vec3(0; 0; -1), vec3(0; 0; 0), vec3(0; 1; 0), false, false, false, 1, 0, 0, 0, 0, 0, 0, 0, 0, 0, 0, 0, 0, 0, 0, 0, 0, 0, 0, 0, 0, 0, 0, 0, 0
2765022, vec3(752; 66; 1200), vec3(-1; 0; 0), vec3(0; 1; 0), vec3(0; 0; -1), vec3(0; 0; 0), vec3(0; 1; 0), false, false, false, 1, 0, 0, 0, 0, 0, 0, 0, 0, 0, 0, 0, 0, 0, 0, 0, 0, 0, 0, 0, 0, 0, 0, 0, 0
2765073, vec3(752; 66; 1200), vec3(-1; 0; 0), vec3(0; 1; 0), vec3(0; 0; -1), vec3(0; 0; 0), vec3(0; 1; 0), false, false, false, 1, 0, 0, 0, 0, 0, 0, 0, 0, 0, 0, 0, 0, 0, 0, 0, 0, 0, 0, 0, 0, 0, 0, 0, 0
2765123, vec3(752; 66; 1200), vec3(-1; 0; 0), vec3(0; 1; 0), vec3(0; 0; -1), vec3(0; 0; 0), vec3(0; 1; 0), false, false, false, 1, 0, 0, 0, 0, 0, 0, 0, 0, 0, 0, 0, 0, 0, 0, 0, 0, 0, 0, 0, 0, 0, 0, 0, 0
2765175, vec3(752; 66; 1200), vec3(-1; 0; 0), vec3(0; 1; 0), vec3(0; 0; -1), vec3(0; 0; 0), vec3(0; 1; 0), false, false, false, 1, 0, 0, 0, 0, 0, 0, 0, 0, 0, 0, 0, 0, 0, 0, 0, 0, 0, 0, 0, 0, 0, 0, 0, 0
2765231, vec3(752; 66; 1200), vec3(-1; 0; 0), vec3(0; 1; 0), vec3(0; 0; -1), vec3(0; 0; 0), vec3(0; 1; 0), false, false, false, 1, 0, 0, 0, 0, 0, 0, 0, 0, 0, 0, 0, 0, 0, 0, 0, 0, 0, 0, 0, 0, 0, 0, 0, 0
2765272, vec3(752; 66; 1200), vec3(-1; 0; 0), vec3(0; 1; 0), vec3(0; 0; -1), vec3(0; 0; 0), vec3(0; 1; 0), false, false, false, 1, 0, 0, 0, 0, 0, 0, 0, 0, 0, 0, 0, 0, 0, 0, 0, 0, 0, 0, 0, 0, 0, 0, 0, 0
2765319, vec3(752; 66; 1200), vec3(-1; 0; 0), vec3(0; 1; 0), vec3(0; 0; -1), vec3(0; 0; 0), vec3(0; 1; 0), false, false, false, 1, 0, 0, 0, 0, 0, 0, 0, 0, 0, 0, 0, 0, 0, 0, 0, 0, 0, 0, 0, 0, 0, 0, 0, 0
2765367, vec3(752; 66; 1200), vec3(-1; 0; 0), vec3(0; 1; 0), vec3(0; 0; -1), vec3(0; 0; 0), vec3(0; 1; 0), false, false, false, 1, 0, 0, 0, 0, 0, 0, 0, 0, 0, 0, 0, 0, 0, 0, 0, 0, 0, 0, 0, 0, 0, 0, 0, 0
2765415, vec3(752; 66; 1200), vec3(-1; 0; 0), vec3(0; 1; 0), vec3(0; 0; -1), vec3(0; 0; 0), vec3(0; 1; 0), false, false, false, 1, 0, 0, 0, 0, 0, 0, 0, 0, 0, 0, 0, 0, 0, 0, 0, 0, 0, 0, 0, 0, 0, 0, 0, 0
2765483, vec3(752; 66; 1200), vec3(-1; 0; 0), vec3(0; 1; 0), vec3(0; 0; -1), vec3(0; 0; 0), vec3(0; 1; 0), false, false, false, 1, 0, 0, 0, 0, 0, 0, 0, 0, 0, 0, 0, 0, 0, 0, 0, 0, 0, 0, 0, 0, 0, 0, 0, 0
2765532, vec3(752; 66; 1200), vec3(-1; 0; 0), vec3(0; 1; 0), vec3(0; 0; -1), vec3(0; 0; 0), vec3(0; 1; 0), false, false, false, 1, 0, 0, 0, 0, 0, 0, 0, 0, 0, 0, 0, 0, 0, 0, 0, 0, 0, 0, 0, 0, 0, 0, 0, 0
2765580, vec3(752; 66; 1200), vec3(-1; 0; 0), vec3(0; 1; 0), vec3(0; 0; -1), vec3(0; 0; 0), vec3(0; 1; 0), false, false, false, 1, 0, 0, 0, 0, 0, 0, 0, 0, 0, 0, 0, 0, 0, 0, 0, 0, 0, 0, 0, 0, 0, 0, 0, 0
2765629, vec3(752; 66; 1200), vec3(-1; 0; 0), vec3(0; 1; 0), vec3(0; 0; -1), vec3(0; 0; 0), vec3(0; 1; 0), false, false, false, 1, 0, 0, 0, 0, 0, 0, 0, 0, 0, 0, 0, 0, 0, 0, 0, 0, 0, 0, 0, 0, 0, 0, 0, 0
2765678, vec3(752; 66; 1200), vec3(-1; 0; 0), vec3(0; 1; 0), vec3(0; 0; -1), vec3(0; 0; 0), vec3(0; 1; 0), false, false, false, 1, 0, 0, 0, 0, 0, 0, 0, 0, 0, 0, 0, 0, 0, 0, 0, 0, 0, 0, 0, 0, 0, 0, 0, 0
2765728, vec3(752; 66; 1200), vec3(-1; 0; 0), vec3(0; 1; 0), vec3(0; 0; -1), vec3(0; 0; 0), vec3(0; 1; 0), false, false, false, 1, 0, 0, 0, 0, 0, 0, 0, 0, 0, 0, 0, 0, 0, 0, 0, 0, 0, 0, 0, 0, 0, 0, 0, 0
2765789, vec3(752; 66; 1200), vec3(-1; 0; 0), vec3(0; 1; 0), vec3(0; 0; -1), vec3(0; 0; 0), vec3(0; 1; 0), false, false, false, 1, 0, 0, 0, 0, 0, 0, 0, 0, 0, 0, 0, 0, 0, 0, 0, 0, 0, 0, 0, 0, 0, 0, 0, 0
2765850, vec3(752; 66; 1200), vec3(-1; 0; 0), vec3(0; 1; 0), vec3(0; 0; -1), vec3(0; 0; 0), vec3(0; 1; 0), false, false, false, 1, 0, 0, 0, 0, 0, 0, 0, 0, 0, 0, 0, 0, 0, 0, 0, 0, 0, 0, 0, 0, 0, 0, 0, 0
2765911, vec3(752; 66; 1200), vec3(-1; 0; 0), vec3(0; 1; 0), vec3(0; 0; -1), vec3(0; 0; 0), vec3(0; 1; 0), false, false, false, 1, 0, 0, 0, 0, 0, 0, 0, 0, 0, 0, 0, 0, 0, 0, 0, 0, 0, 0, 0, 0, 0, 0, 0, 0
2765961, vec3(752; 66; 1200), vec3(-1; 0; 0), vec3(0; 1; 0), vec3(0; 0; -1), vec3(0; 0; 0), vec3(0; 1; 0), false, false, false, 1, 0, 0, 0, 0, 0, 0, 0, 0, 0, 0, 0, 0, 0, 0, 0, 0, 0, 0, 0, 0, 0, 0, 0, 0
2766011, vec3(752; 66; 1200), vec3(-1; 0; 0), vec3(0; 1; 0), vec3(0; 0; -1), vec3(0; 0; 0), vec3(0; 1; 0), false, false, false, 1, 0, 0, 0, 0, 0, 0, 0, 0, 0, 0, 0, 0, 0, 0, 0, 0, 0, 0, 0, 0, 0, 0, 0, 0
2766062, vec3(752; 66; 1200), vec3(-1; 0; 0), vec3(0; 1; 0), vec3(0; 0; -1), vec3(0; 0; 0), vec3(0; 1; 0), false, false, false, 1, 0, 0, 0, 0, 0, 0, 0, 0, 0, 0, 0, 0, 0, 0, 0, 0, 0, 0, 0, 0, 0, 0, 0, 0
2766112, vec3(752; 66.0022; 1200), vec3(-1; 0; 0), vec3(0; 1; 0), vec3(0; 0; -1), vec3(0; -0.0675; 0), vec3(0; 1; 0), true, false, false, 1, 0, 0, 1, 0, 0, 0.003, 1, 0.003, 0, 0, 0.003, 1, 0.003, 0, 0, 0.003, 1, 0.003, 0, 0, 0.003, 1, 0.003, 0
2766162, vec3(752; 66.002; 1199.99), vec3(-1; -9.28e-05; -9.78112e-09), vec3(-9.28e-05; 1; 0.0002108), vec3(-9.78112e-09; 0.0002108; -1), vec3(0; -0.041; -0.674), vec3(-9.28e-05; 1; 0.0002108), true, false, false, 1, 0.674, 0, 1, 0, 0, 0.0408, 1.676, 0.01, 0, 0, 0.0408, 1.676, 0.01, 0, 0, 0.0408, 1.676, 0.01, 0, 0, 0.0408, 1.676, 0.01, 0
2766212, vec3(752; 66.0032; 1199.94), vec3(-1; -0.000194; -1.287e-07), vec3(-0.000194; 0.999999; 0.0013268), vec3(-1.287e-07; 0.0013268; -1), vec3(0; 0.0157; -1.457), vec3(-0.000194; 0.999999; 0.0013268), true, false, false, 1, 1.457, 0, 1, 0, 0, 0.1734, 3.871, 0.01, 0, 0, 0.1734, 3.871, 0.01, 0, 0, 0.1734, 3.871, 0.01, 0, 0, 0.1734, 3.871, 0.01, 0
2766260, vec3(752; 66.0063; 1199.85), vec3(-1; -0.000291999; -5.18212e-07), vec3(-0.000291999; 0.999994; 0.00354939), vec3(-5.18212e-07; 0.00354939; -0.999994), vec3(0; 0.0614; -2.2537), vec3(-0.000291999; 0.999994; 0.00354939), true, false, false, 1, 2.2537, 0, 1, 0, 0, 0.4173, 6.061, 0.01, 0, 0, 0.4173, 6.061, 0.01, 0, 0, 0.4173, 6.061, 0.01, 0, 0, 0.4173, 6.061, 0.01, 0
2766314, vec3(752; 66.0101; 1199.73), vec3(-1; -0.000344398; -1.13507e-06), vec3(-0.000344398; 0.999978; 0.00659156), vec3(-1.13507e-06; 0.00659156; -0.999979), vec3(0; 0.0727; -3.0148), vec3(-0.000344398; 0.999978; 0.00659156), true, false, false, 1, 3.0158, 0, 1, 0, 0, 0.7542, 8.241, 0.0172, 0, 0, 0.7542, 8.241, 0.0181, 0, 0, 0.7542, 8.241, 0.01, 0, 0, 0.7542, 8.241, 0.01, 0
2766361, vec3(752; 66.0135; 1199.54), vec3(-1; -0.000344006; 3.49293e-07), vec3(-0.000343986; 0.999954; 0.00959689), vec3(-3.65066e-06; 0.00959689; -0.999954), vec3(0; 0.043; -3.8665), vec3(-0.000343986; 0.999954; 0.00959689), true, false, false, 1, 3.867, 0, 1, 0, 0, 1.253, 10.408, 0.0265, 0, 0, 1.253, 10.408, 0.027, 0, 0, 1.253, 10.408, 0.01, 0, 0, 1.253, 10.408, 0.01, 0
2766403, vec3(752; 66.015; 1199.35), vec3(-1; -0.000314006; 2.88984e-07), vec3(-0.000313985; 0.999941; 0.0108978), vec3(-3.71096e-06; 0.0108978; -0.999941), vec3(0; -0.002; -4.6052), vec3(-0.000313985; 0.999941; 0.0108978), true, false, false, 1, 4.6044, 0, 1, 0, 0, 1.79, 12.564, 0.031, 0, 0, 1.79, 12.564, 0.0312, 0, 0, 1.79, 12.564, 0.01, 0, 0, 1.79, 12.564, 0.01, 0
2766451, vec3(752; 66.015; 1199.14), vec3(-1; -0.000266007; 5.65832e-07), vec3(-0.000265985; 0.999942; 0.0107828), vec3(-3.43411e-06; 0.0107828; -0.999942), vec3(0; -0.0435; -5.2795), vec3(-0.000265985; 0.999942; 0.0107828), true, false, false, 1, 5.2785, 0, 1, 0, 0, 2.3645, 14.286, 0.0315, 0, 0, 2.3645, 14.286, 0.032, 0, 0, 2.3645, 14.286, 0.01, 0, 0, 2.3645, 14.286, 0.01, 0
2766498, vec3(752; 66.013; 1198.88), vec3(-1; -0.000210016; 3.01304e-06), vec3(-0.000209979; 0.999956; 0.0093991), vec3(-4.98687e-06; 0.0093991; -0.999956), vec3(0; -0.0748; -6.0174), vec3(-0.000209979; 0.999956; 0.0093991), true, false, false, 1, 6.0164, 0, 1, 0, 0, 3.083, 16.442, 0.0278, 0, 0, 3.083, 16.442, 0.0288, 0, 0, 3.083, 16.442, 0.01, 0, 0, 3.083, 16.442, 0.01, 0
2766546, vec3(752; 66.0101; 1198.58), vec3(-1; -0.000157214; 3.42369e-06), vec3(-0.000157184; 0.999973; 0.00733175), vec3(-4.57625e-06; 0.00733175; -0.999973), vec3(0; -0.0831; -6.7572), vec3(-0.000157184; 0.999973; 0.00733175), true, false, false, 1, 6.7563, 0, 1, 0, 0, 3.8978, 18.172, 0.0222, 0, 0, 3.8978, 18.172, 0.0231, 0, 0, 3.8978, 18.172, 0.01, 0, 0, 3.8978, 18.172, 0.01, 0
2766595, vec3(752; 66.008; 1198.24), vec3(-1; -0.00011241; 3.70086e-06), vec3(-0.000112389; 0.999986; 0.00532258), vec3(-4.29912e-06; 0.00532258; -0.999986), vec3(0; -0.0685; -7.5156), vec3(-0.000112389; 0.999986; 0.00532258), true, false, false, 1, 7.5156, 0, 1, 0, 0, 4.8281, 20.342, 0.0163, 0, 0, 4.8281, 20.342, 0.0166, 0, 0, 4.8281, 20.342, 0.01, 0, 0, 4.8281, 20.342, 0.01, 0
2766644, vec3(752; 66.0064; 1197.86), vec3(-1; -8.0408e-05; 3.83578e-06), vec3(-8.03917e-05; 0.999992; 0.00408479), vec3(-4.1642e-06; 0.00408479; -0.999992), vec3(0; -0.0368; -8.2928), vec3(-8.03917e-05; 0.999992; 0.00408479), true, false, false, 1, 8.2924, 0, 1, 0, 0, 5.882, 22.521, 0.0124, 0, 0, 5.882, 22.521, 0.0124, 0, 0, 5.882, 22.521, 0.01, 0, 0, 5.882, 22.521, 0.01, 0
2766693, vec3(752; 66.006; 1197.44), vec3(-1; -6.50079e-05; 3.8697e-06), vec3(-6.49919e-05; 0.999992; 0.00400899), vec3(-4.13029e-06; 0.00400899; -0.999992), vec3(0; -0.002; -9.071), vec3(-6.49919e-05; 0.999992; 0.00400899), true, false, false, 1, 9.071, 0, 1, 0, 0, 7.0395, 24.702, 0.0115, 0, 0, 7.0395, 24.702, 0.012, 0, 0, 7.0395, 24.702, 0.01, 0, 0, 7.0395, 24.702, 0.01, 0
2766743, vec3(752; 66.0074; 1196.98), vec3(-1; -6.20147e-05; 5.84569e-06), vec3(-6.19849e-05; 0.999988; 0.00497719), vec3(-6.15428e-06; 0.00497719; -0.999988), vec3(0; 0.0222; -9.8486), vec3(-6.19849e-05; 0.999988; 0.00497719), true, false, false, 1, 9.8486, 0, 1, 0, 0, 8.3026, 26.883, 0.0134, 0, 0, 8.3026, 26.883, 0.014, 0, 0, 8.3026, 26.883, 0.01, 0, 0, 8.3026, 26.883, 0.01, 0
2766793, vec3(752; 66.0094; 1196.47), vec3(-1; -6.48193e-05; 5.7879e-06), vec3(-6.478e-05; 0.999979; 0.00654517), vec3(-6.21203e-06; 0.00654517; -0.999979), vec3(0; 0.0296; -10.6402), vec3(-6.478e-05; 0.999979; 0.00654517), true, false, false, 1, 10.6402, 0, 1, 0, 0, 9.699, 29.058, 0.0184, 0, 0, 9.699, 29.058, 0.0184, 0, 0, 9.699, 29.058, 0.01, 0, 0, 9.699, 29.058, 0.01, 0
2766842, vec3(752; 66.011; 1195.92), vec3(-1; -7.08236e-05; 5.71529e-06), vec3(-7.07753e-05; 0.999968; 0.00804114), vec3(-6.28461e-06; 0.00804114; -0.999968), vec3(0; 0.0178; -11.4298), vec3(-7.07753e-05; 0.999968; 0.00804114), true, false, false, 1, 11.4298, 0, 1, 0, 0, 11.2038, 31.227, 0.0224, 0, 0, 11.2038, 31.227, 0.0224, 0, 0, 11.2038, 31.227, 0.01, 0, 0, 11.2038, 31.227, 0.01, 0
2766891, vec3(752; 66.012; 1195.35), vec3(-1; -8.26259e-05; 5.63213e-06), vec3(-8.25725e-05; 0.99996; 0.00890571), vec3(-6.36775e-06; 0.00890571; -0.99996), vec3(0; -0.0048; -12.2021), vec3(-8.25725e-05; 0.99996; 0.00890571), true, false, false, 1, 12.2011, 0, 1, 0, 0, 12.7842, 33.39, 0.0253, 0, 0, 12.7842, 33.39, 0.0253, 0, 0, 12.7842, 33.39, 0.01, 0, 0, 12.7842, 33.39, 0.01, 0
2766940, vec3(752; 66.012; 1194.73), vec3(-1; -9.20259e-05; 5.58806e-06), vec3(-9.19722e-05; 0.99996; 0.00895391), vec3(-6.41182e-06; 0.00895391; -0.99996), vec3(0; -0.0298; -12.9726), vec3(-9.19722e-05; 0.99996; 0.00895391), true, false, false, 1, 12.9724, 0, 1, 0, 0, 14.4672, 35.551, 0.026, 0, 0, 14.4672, 35.551, 0.026, 0, 0, 14.4672, 35.551, 0.01, 0, 0, 14.4672, 35.551, 0.01, 0
2766990, vec3(752; 66.0118; 1194.07), vec3(-1; -0.000100024; 5.58981e-06), vec3(-9.99745e-05; 0.999966; 0.00820273), vec3(-6.41009e-06; 0.00820273; -0.999967), vec3(0; -0.0474; -13.7604), vec3(-9.99745e-05; 0.999966; 0.00820273), true, false, false, 1, 13.7594, 0, 1, 0, 0, 16.2924, 37.714, 0.024, 0, 0, 16.2924, 37.714, 0.024, 0, 0, 16.2924, 37.714, 0.01, 0, 0, 16.2924, 37.714, 0.01, 0
2767041, vec3(752; 66.01; 1193.38), vec3(-1; -0.000104221; 5.63054e-06), vec3(-0.000104178; 0.999975; 0.00709056), vec3(-6.36938e-06; 0.00709055; -0.999975), vec3(0; -0.0519; -14.5328), vec3(-0.000104178; 0.999975; 0.00709056), true, false, false, 1, 14.5318, 0, 1, 0, 0, 18.1859, 39.88, 0.021, 0, 0, 18.1859, 39.88, 0.021, 0, 0, 18.1859, 39.88, 0.01, 0, 0, 18.1859, 39.88, 0.01, 0
2767110, vec3(752; 66.009; 1192.62), vec3(-1; -0.000108018; 5.67556e-06), vec3(-0.000107982; 0.999982; 0.00600758), vec3(-6.32439e-06; 0.00600757; -0.999982), vec3(0; -0.0424; -15.3386), vec3(-0.000107982; 0.999982; 0.00600758), true, false, false, 1, 15.3386, 0, 1, 0, 0, 20.268, 42.051, 0.0178, 0, 0, 20.268, 42.051, 0.018, 0, 0, 20.268, 42.051, 0.01, 0, 0, 20.268, 42.051, 0.01, 0
2767159, vec3(752; 66.008; 1191.52), vec3(-1; -0.000110016; 5.70628e-06), vec3(-0.000109984; 0.999986; 0.00533998), vec3(-6.29368e-06; 0.00533998; -0.999986), vec3(0; -0.0182; -16.4468), vec3(-0.000109984; 0.999986; 0.00533998), true, false, false, 1, 16.4466, 0, 1, 0, 0, 23.309, 45.096, 0.0158, 0, 0, 23.309, 45.096, 0.016, 0, 0, 23.309, 45.096, 0.01, 0, 0, 23.309, 45.096, 0.01, 0
2767209, vec3(752; 66.008; 1190.71), vec3(-1; -0.000112016; 5.6875e-06), vec3(-0.000111983; 0.999984; 0.00557998), vec3(-6.31246e-06; 0.00557998; -0.999985), vec3(0; -0.003; -17.207), vec3(-0.000111983; 0.999984; 0.00557998), true, false, false, 1, 17.207, 0, 1, 0, 0, 25.517, 47.272, 0.016, 0, 0, 25.517, 47.272, 0.016, 0, 0, 25.517, 47.272, 0.01, 0, 0, 25.517, 47.272, 0.01, 0
2767259, vec3(752; 66.009; 1189.82), vec3(-1; -0.000114025; 7.64234e-06), vec3(-0.000113974; 0.99998; 0.00627397), vec3(-8.35758e-06; 0.00627397; -0.99998), vec3(0; 0.006; -18.0148), vec3(-0.000113974; 0.99998; 0.00627397), true, false, false, 1, 18.0138, 0, 1, 0, 0, 27.9734, 49.446, 0.018, 0, 0, 27.9734, 49.446, 0.018, 0, 0, 27.9734, 49.446, 0.01, 0, 0, 27.9734, 49.446, 0.01, 0
2767310, vec3(752; 66.01; 1188.92), vec3(-1; -0.000116028; 7.58792e-06), vec3(-0.000115971; 0.999975; 0.00710395), vec3(-8.41198e-06; 0.00710395; -0.999975), vec3(0; 0.005; -18.789), vec3(-0.000115971; 0.999975; 0.00710395), true, false, false, 1, 18.788, 0, 1, 0, 0, 30.44, 51.616, 0.02, 0, 0, 30.44, 51.616, 0.02, 0, 0, 30.44, 51.616, 0.01, 0, 0, 30.44, 51.616, 0.01, 0
2767361, vec3(752; 66.011; 1187.94), vec3(-1; -0.00011603; 7.55102e-06), vec3(-0.000115968; 0.99997; 0.00773994), vec3(-8.44886e-06; 0.00773994; -0.99997), vec3(0; -0.0052; -19.5938), vec3(-0.000115968; 0.99997; 0.00773994), true, false, false, 1, 19.5928, 0, 1, 0, 0, 33.1178, 53.784, 0.022, 0, 0, 33.1178, 53.784, 0.022, 0, 0, 33.1178, 53.784, 0.01, 0, 0, 33.1178, 53.784, 0.01, 0
2767413, vec3(752; 66.011; 1186.93), vec3(-1; -0.000114031; 7.54553e-06), vec3(-0.000113967; 0.999968; 0.00797194), vec3(-8.45434e-06; 0.00797194; -0.999969), vec3(0; -0.0186; -20.3976), vec3(-0.000113967; 0.999968; 0.00797194), true, false, false, 1, 20.3966, 0, 1, 0, 0, 35.908, 55.949, 0.023, 0, 0, 35.908, 55.949, 0.023, 0, 0, 35.908, 55.949, 0.01, 0, 0, 35.908, 55.949, 0.01, 0
2767467, vec3(752; 66.011; 1185.85), vec3(-1; -0.00011203; 7.56708e-06), vec3(-0.000111968; 0.99997; 0.00772954), vec3(-8.4328e-06; 0.00772954; -0.99997), vec3(0; -0.0298; -21.2178), vec3(-0.000111968; 0.99997; 0.00772954), true, false, false, 1, 21.2168, 0, 1, 0, 0, 38.8694, 58.115, 0.0226, 0, 0, 38.8694, 58.115, 0.023, 0, 0, 38.8694, 58.115, 0.01, 0, 0, 38.8694, 58.115, 0.01, 0
2767513, vec3(752; 66.01; 1184.67), vec3(-1; -0.000108027; 7.62394e-06), vec3(-0.000107972; 0.999976; 0.00696316), vec3(-8.37596e-06; 0.00696316; -0.999976), vec3(0; -0.0476; -21.8843), vec3(-0.000107972; 0.999976; 0.00696316), true, false, false, 1, 21.8843, 0, 1, 0, 0, 42.1181, 59.831, 0.023, 0, 0, 42.1181, 59.831, 0.023, 0, 0, 42.1181, 59.831, 0.01, 0, 0, 42.1181, 59.831, 0.01, 0
2767562, vec3(752; 66.008; 1183.67), vec3(-1; -0.000101221; 7.7304e-06), vec3(-0.000101178; 0.999986; 0.00532758), vec3(-8.26955e-06; 0.00532758; -0.999986), vec3(0; -0.0966; -22.4132), vec3(-0.000101178; 0.999986; 0.00532758), true, false, false, 1, 22.4122, 0, 1, 0, 0, 44.849, 61.443, 0.0304, 0, 0, 44.849, 61.443, 0.0304, 0, 0, 44.849, 61.443, 0.01, 0, 0, 44.849, 61.443, 0.01, 0
2767611, vec3(752; 66.0027; 1182.57), vec3(-1; -9.14043e-05; 7.95023e-06), vec3(-9.13956e-05; 0.999999; 0.001089), vec3(-8.04976e-06; 0.001089; -0.999999), vec3(0; -0.2093; -22.9825), vec3(-9.13956e-05; 0.999999; 0.001089), true, false, false, 1, 22.9825, 0, 1, 0, 0, 47.897, 63.069, 0.0439, 0, 0, 47.897, 63.069, 0.0439, 0, 0, 47.897, 63.069, 0.01, 0, 0, 47.897, 63.069, 0.01, 0
2767660, vec3(752; 65.9914; 1181.44), vec3(-1; -7.27686e-05; 8.28039e-06), vec3(-7.28303e-05; 0.99997; -0.00770474), vec3(-7.71948e-06; -0.00770474; -0.99997), vec3(0; -0.3834; -23.4004), vec3(-7.28303e-05; 0.99997; -0.00770474), true, false, false, 1, 23.4026, 0, 1, 0, 0, 51.0126, 64.245, 0.0566, 0, 0, 51.0126, 64.245, 0.0574, 0, 0, 51.0126, 64.245, 0.01, 0, 0, 51.0126, 64.245, 0.01, 0
2767709, vec3(752; 65.9735; 1180.29), vec3(-1; -4.11069e-05; 8.46553e-06), vec3(-4.12879e-05; 0.999744; -0.0226218), vec3(-7.53345e-06; -0.0226218; -0.999744), vec3(0; -0.6287; -23.8331), vec3(-4.12879e-05; 0.999744; -0.0226218), true, false, false, 1, 23.8412, 0, 1, 0, 0, 54.1865, 65.473, 0.0651, 0, 0, 54.1865, 65.473, 0.0651, 0, 0, 54.1865, 65.473, 0.0205, 0, 0, 54.1865, 65.473, 0.0205, 0
2767757, vec3(752; 65.942; 1179.12), vec3(-1; 2.12419e-06; 5.95717e-06), vec3(1.87495e-06; 0.999137; -0.0415311), vec3(-6.04025e-06; -0.0415311; -0.999138), vec3(0; -0.985; -24.285), vec3(1.87495e-06; 0.999137; -0.0415311), true, false, false, 1, 24.305, 0, 1, 0, 0, 57.42, 66.772, 0.065, 0, 0, 57.42, 66.772, 0.065, 0, 0, 57.42, 66.772, 0.044, 0, 0, 57.42, 66.772, 0.044, 0
2767805, vec3(752; 65.8924; 1177.95), vec3(-0.999999; 4.25609e-05; 4.72491e-06), vec3(4.22008e-05; 0.998199; -0.0599909), vec3(-7.26968e-06; -0.0599909; -0.998198), vec3(0; -1.3916; -24.7474), vec3(4.22008e-05; 0.998199; -0.0599909), true, false, false, 1, 24.7864, 0, 1, 0, 0, 60.6502, 67.869, 0.0584, 0, 0, 60.6502, 67.869, 0.0584, 0, 0, 60.6502, 67.869, 0.0644, 0, 0, 60.6502, 67.869, 0.0644, 0
2767853, vec3(752; 65.8211; 1176.74), vec3(-0.999999; 6.35809e-05; 3.60947e-06), vec3(6.31292e-05; 0.997167; -0.0752234), vec3(-8.38202e-06; -0.0752234; -0.997166), vec3(0; -1.8033; -25.2411), vec3(6.31292e-05; 0.997167; -0.0752234), true, false, false, 1, 25.3056, 0, 1, 0, 0, 64.0151, 69.312, 0.0479, 0, 0, 64.0151, 69.312, 0.0479, 0, 0, 64.0151, 69.312, 0.073, 0, 0, 64.0151, 69.312, 0.073, 0
2767902, vec3(752; 65.7305; 1175.52), vec3(-1; 6.21987e-05; 3.36521e-06), vec3(6.16898e-05; 0.996403; -0.0847427), vec3(-8.624e-06; -0.0847427; -0.996403), vec3(0; -2.152; -25.7445), vec3(6.16898e-05; 0.996403; -0.0847427), true, false, false, 1, 25.834, 0, 1, 0, 0, 67.379, 70.82, 0.038, 0, 0, 67.379, 70.82, 0.038, 0, 0, 67.379, 70.82, 0.069, 0, 0, 67.379, 70.82, 0.069, 0
2767951, vec3(752; 65.6228; 1174.28), vec3(-1; 3.99171e-05; 6.22788e-06), vec3(3.92043e-05; 0.996031; -0.0890113), vec3(-9.75623e-06; -0.0890113; -0.996031), vec3(0; -2.4145; -26.266), vec3(3.92043e-05; 0.996031; -0.0890113), true, false, false, 1, 26.3762, 0, 1, 0, 0, 70.8142, 72.369, 0.0297, 0, 0, 70.8142, 72.369, 0.0297, 0, 0, 70.8142, 72.369, 0.0548, 0, 0, 70.8142, 72.369, 0.0548, 0
2767999, vec3(752; 65.5018; 1172.98), vec3(-1; 6.35304e-06; 7.72263e-06), vec3(5.63487e-06; 0.995971; -0.0896796), vec3(-8.26125e-06; -0.0896796; -0.995971), vec3(0; -2.5872; -26.8114), vec3(5.63487e-06; 0.995971; -0.0896796), true, false, false, 1, 26.9358, 0, 1, 0, 0, 74.3948, 73.936, 0.026, 0, 0, 74.3948, 73.936, 0.026, 0, 0, 74.3948, 73.936, 0.0352, 0, 0, 74.3948, 73.936, 0.0352, 0
2768049, vec3(752; 65.3723; 1171.65), vec3(-1; -2.55284e-05; 1.11491e-05), vec3(-2.64199e-05; 0.996026; -0.0890674), vec3(-8.83103e-06; -0.0890674; -0.996026), vec3(0; -2.6854; -27.3663), vec3(-2.64199e-05; 0.996026; -0.0890674), true, false, false, 1, 27.4964, 0, 1, 0, 0, 78.0505, 75.508, 0.025, 0, 0, 78.0505, 75.508, 0.025, 0, 0, 78.0505, 75.508, 0.0167, 0, 0, 78.0505, 75.508, 0.0167, 0
2768098, vec3(752; 65.241; 1170.3), vec3(-1; -7.33852e-05; 1.53173e-05), vec3(-7.4465e-05; 0.995951; -0.0898929), vec3(-8.65844e-06; -0.0898929; -0.995952), vec3(0; -2.7; -27.93), vec3(-7.4465e-05; 0.995951; -0.0898929), true, false, false, 1, 28.059, 0, 1, 0, 0, 81.782, 77.086, 0.026, 0, 0, 81.782, 77.086, 0.026, 0, 0, 81.782, 77.086, 0.01, 0, 0, 81.782, 77.086, 0.01, 0
2768147, vec3(752; 65.1087; 1168.93), vec3(-1; -0.000128413; 1.99717e-05), vec3(-0.00012971; 0.995706; -0.0925749), vec3(-7.9982e-06; -0.0925749; -0.995706), vec3(0; -2.7611; -28.2413), vec3(-0.00012971; 0.995706; -0.0925749), true, false, false, 2, 28.3753, 0, 1, 0, 0, 85.5811, 77.887, 0.0251, 0, 0, 85.5811, 77.887, 0.026, 0, 0, 85.5811, 77.887, 0.01, 0, 0, 85.5811, 77.887, 0.01, 0
2768196, vec3(752; 64.9708; 1167.51), vec3(-1; -0.000153244; 2.34475e-05), vec3(-0.000154794; 0.995311; -0.0967252), vec3(-8.51496e-06; -0.0967252; -0.995311), vec3(0; -2.8021; -28.3792), vec3(-0.000154794; 0.995311; -0.0967252), true, false, false, 2, 28.5171, 0, 1, 0, 0, 89.4858, 78.273, 0.0211, 0, 0, 89.4858, 78.273, 0.0211, 0, 0, 89.4858, 78.273, 0.0129, 0, 0, 89.4858, 78.273, 0.0129, 0
2768245, vec3(752; 64.8367; 1166.15), vec3(-1; -0.000120741; 2.01062e-05), vec3(-0.000122151; 0.994927; -0.100595), vec3(-7.85828e-06; -0.100595; -0.994928), vec3(0; -2.8097; -28.5211), vec3(-0.000122151; 0.994927; -0.100595), true, false, false, 2, 28.659, 0, 1, 0, 0, 93.2539, 78.675, 0.0109, 0, 0, 93.2539, 78.675, 0.0116, 0, 0, 93.2539, 78.675, 0.0197, 0, 0, 93.2539, 78.675, 0.0197, 0
2768293, vec3(752; 64.7024; 1164.75), vec3(-1; -0.000145505; 2.13821e-05), vec3(-0.00014692; 0.99489; -0.100964), vec3(-6.58205e-06; -0.100964; -0.99489), vec3(0; -2.7202; -28.6778), vec3(-0.00014692; 0.99489; -0.100964), true, false, false, 2, 28.806, 0, 1, 0, 0, 97.1196, 79.088, 0.01, 0, 0, 97.1196, 79.088, 0.01, 0, 0, 97.1196, 79.088, 0.023, 0, 0, 97.1196, 79.088, 0.023, 0
2768342, vec3(752; 64.58; 1163.37), vec3(-1; -0.000256788; 3.12594e-05), vec3(-0.000258607; 0.995319; -0.0966415), vec3(-6.29662e-06; -0.0966415; -0.995319), vec3(0; -2.652; -28.826), vec3(-0.000258607; 0.995319; -0.0966415), true, false, false, 2, 28.9476, 0, 1, 0, 0, 100.926, 79.495, 0.01, 0, 0, 100.926, 79.495, 0.01, 0, 0, 100.926, 79.495, 0.027, 0, 0, 100.926, 79.495, 0.0276, 0
2768390, vec3(752; 64.4565; 1161.95), vec3(-0.999999; -0.000406075; 4.37845e-05), vec3(-0.000408347; 0.996182; -0.0873029), vec3(-8.16582e-06; -0.087303; -0.996181), vec3(0; -2.5736; -28.9687), vec3(-0.000408347; 0.996182; -0.0873029), true, false, false, 2, 29.0835, 0, 1, 0, 0, 104.83, 79.878, 0.01, 0, 0, 104.83, 79.878, 0.01, 0, 0, 104.83, 79.878, 0.0227, 0, 0, 104.83, 79.878, 0.0237, 0
2768438, vec3(752; 64.3418; 1160.55), vec3(-0.999999; -0.000574613; 5.35111e-05), vec3(-0.000576997; 0.997258; -0.073997), vec3(-1.08447e-05; -0.073997; -0.997258), vec3(-0.001; -2.353; -29.3591), vec3(-0.000576997; 0.997258; -0.073997), true, false, false, 2, 29.4524, 0, 1, 0, 0, 108.682, 80.89, 0.01, 0, 0, 108.682, 80.89, 0.01, 0, 0, 108.682, 80.89, 0.0118, 0, 0, 108.682, 80.89, 0.0127, 0
2768486, vec3(752; 64.241; 1159.12), vec3(-0.999999; -0.000841818; 7.12855e-05), vec3(-0.000844597; 0.998142; -0.060917), vec3(-1.98721e-05; -0.0609171; -0.998143), vec3(-0.001; -1.941; -29.7862), vec3(-0.000844597; 0.998142; -0.060917), true, false, true, 2, 29.8498, 0, 1, 0, 0, 112.587, 81.915, 0.0055, 0, 0, 112.587, 81.915, 0.0055, 0, 0, 112.587, 81.915, 0.0055, 0, 0, 112.587, 81.915, 0.0055, 0
2768535, vec3(752; 64.1585; 1157.68), vec3(-0.999999; -0.00109099; 8.74893e-05), vec3(-0.00109396; 0.998805; -0.0488644), vec3(-3.40743e-05; -0.0488644; -0.998805), vec3(-0.001; -1.5561; -30.1908), vec3(-0.00109396; 0.998805; -0.0488644), true, false, true, 2, 30.2309, 0, 1, 0, 0, 116.546, 83.009, 0.005, 0, 0, 116.546, 83.009, 0.005, 0, 0, 116.546, 83.009, 0.005, 0, 0, 116.546, 83.009, 0.005, 0
2768586, vec3(752; 64.0918; 1156.19), vec3(-0.999999; -0.0013244; 0.000100354), vec3(-0.00132716; 0.999346; -0.0361424), vec3(-5.24211e-05; -0.0361425; -0.999346), vec3(-0.002; -1.1952; -30.5806), vec3(-0.00132716; 0.999346; -0.0361424), true, false, true, 2, 30.604, 0, 1, 0, 0, 120.639, 84.057, 0.005, 0, 0, 120.639, 84.057, 0.005, 0, 0, 120.639, 84.057, 0.005, 0, 0, 120.639, 84.057, 0.005, 0
2768637, vec3(752; 64.0438; 1154.61), vec3(-0.999998; -0.00159188; 0.000112042), vec3(-0.00159393; 0.999764; -0.0216528), vec3(-7.75468e-05; -0.021653; -0.999765), vec3(-0.003; -0.7648; -30.9638), vec3(-0.00159393; 0.999764; -0.0216528), true, false, true, 2, 30.973, 0, 1, 0, 0, 124.95, 85.052, 0.005, 0, 0, 124.95, 85.052, 0.005, 0, 0, 124.95, 85.052, 0.005, 0, 0, 124.95, 85.052, 0.005, 0
2768692, vec3(752; 64.0158; 1153.02), vec3(-0.999998; -0.00188361; 0.000119443), vec3(-0.00188436; 0.999976; -0.00662745), vec3(-0.000106956; -0.00662767; -0.999978), vec3(-0.004; -0.4188; -31.3214), vec3(-0.00188436; 0.999976; -0.00662745), true, false, true, 2, 31.3236, 0, 1, 0, 0, 129.312, 85.998, 0.005, 0, 0, 129.312, 85.998, 0.005, 0, 0, 129.312, 85.998, 0.005, 0, 0, 129.312, 85.998, 0.005, 0
2768736, vec3(752; 64.0054; 1151.28), vec3(-0.999998; -0.00206245; 0.000131748), vec3(-0.00206234; 0.999997; 0.000826537), vec3(-0.000133452; 0.000826263; -1), vec3(-0.005; -0.3883; -31.6835), vec3(-0.00206234; 0.999997; 0.000826537), true, false, true, 2, 31.6835, 0, 1, 0, 0, 134.081, 88.31, 0.0364, 0, 0, 134.081, 88.31, 0.0394, 0, 0, 134.07, 87.078, 0.005, 0, 0, 134.07, 87.078, 0.005, 0
2768786, vec3(751.999; 63.9851; 1149.89), vec3(-0.999998; -0.00128105; 0.000139665), vec3(-0.00128251; 0.999938; -0.0110271), vec3(-0.00012553; -0.0110273; -0.999938), vec3(-0.005; -0.7558; -31.9746), vec3(-0.00128251; 0.999938; -0.0110271), true, false, true, 2, 31.981, 0, 1, 0, 0, 137.953, 87.821, 0.0641, 0, 0, 137.979, 87.821, 0.0671, 0, 0, 137.916, 87.821, 0.005, 0, 0, 137.916, 87.821, 0.005, 0
2768835, vec3(751.999; 63.9465; 1148.29), vec3(-0.999996; -0.000973179; 0.000150101), vec3(-0.000978082; 0.99931; -0.0371405), vec3(-0.000113853; -0.0371406; -0.999306), vec3(-0.004; -1.3005; -32.268), vec3(-0.000978082; 0.99931; -0.0371405), true, false, false, 2, 32.2947, 0, 1, 0, 0, 142.384, 89.617, 0.0892, 0, 0, 142.399, 89.617, 0.0902, 0, 0, 142.335, 89.617, 0.0253, 0, 0, 142.335, 89.617, 0.0263, 0
2768903, vec3(751.999; 63.872; 1146.72), vec3(-0.999995; -0.00052384; 0.000130417), vec3(-0.000531539; 0.997654; -0.0684573), vec3(-9.42506e-05; -0.0684574; -0.99765), vec3(-0.0034; -2.2748; -32.514), vec3(-0.000531539; 0.997654; -0.0684573), true, false, true, 2, 32.5936, 0, 1, 0, 0, 146.764, 89.518, 0.1076, 0, 0, 146.778, 89.518, 0.1086, 0, 0, 146.738, 92.046, 0.0612, 0, 0, 146.745, 92.046, 0.0632, 0
2768953, vec3(751.999; 63.6854; 1144.51), vec3(-0.999996; -0.000310866; 0.000119206), vec3(-0.000321826; 0.994273; -0.106872), vec3(-8.53003e-05; -0.106872; -0.994269), vec3(-0.003; -3.609; -33.0312), vec3(-0.000321826; 0.994273; -0.106872), true, false, true, 2, 33.228, 0, 1, 0, 0, 152.908, 91.312, 0.1212, 0, 0, 152.921, 91.312, 0.1212, 0, 0, 152.961, 92.042, 0.0944, 0, 0, 152.95, 92.042, 0.095, 0
2769004, vec3(751.999; 63.4914; 1142.86), vec3(-0.999996; -0.000359724; 0.000129272), vec3(-0.000373813; 0.990964; -0.134128), vec3(-7.98543e-05; -0.134128; -0.99096), vec3(-0.003; -4.5806; -33.4336), vec3(-0.000373813; 0.990964; -0.134128), true, false, true, 2, 33.7462, 0, 1, 0, 0, 157.504, 92.739, 0.128, 0, 0, 157.517, 92.739, 0.129, 0, 0, 157.566, 92.739, 0.1104, 0, 0, 157.549, 92.739, 0.1108, 0
2769053, vec3(751.999; 63.2445; 1141.15), vec3(-0.999996; -0.000399254; 0.000135961), vec3(-0.000416028; 0.986739; -0.162312), vec3(-6.93544e-05; -0.162312; -0.986736), vec3(-0.003; -5.6165; -33.857), vec3(-0.000416028; 0.986739; -0.162312), true, false, true, 2, 34.3195, 0, 1, 0, 0, 162.27, 94.284, 0.136, 0, 0, 162.282, 94.284, 0.136, 0, 0, 162.33, 94.284, 0.123, 0, 0, 162.313, 94.284, 0.123, 0
2769103, vec3(751.999; 62.957; 1139.5), vec3(-0.999997; -0.000301886; 0.000120525), vec3(-0.000319272; 0.981828; -0.189772), vec3(-6.10448e-05; -0.189772; -0.981825), vec3(-0.002; -6.6628; -34.2734), vec3(-0.000319272; 0.981828; -0.189772), true, false, true, 2, 34.9154, 0, 1, 0, 0, 166.925, 95.955, 0.1408, 0, 0, 166.938, 95.955, 0.1408, 0, 0, 166.986, 95.955, 0.1302, 0, 0, 166.969, 95.955, 0.1306, 0
2769154, vec3(751.999; 62.608; 1137.78), vec3(-0.999997; -0.000248807; 0.000112597), vec3(-0.000267298; 0.976227; -0.21675), vec3(-5.59915e-05; -0.21675; -0.976224), vec3(-0.002; -7.7976; -34.703), vec3(-0.000267298; 0.976227; -0.21675), true, false, true, 2, 35.568, 0, 1, 0, 0, 171.761, 97.752, 0.1446, 0, 0, 171.774, 97.752, 0.1446, 0, 0, 171.824, 97.752, 0.1356, 0, 0, 171.806, 97.752, 0.1366, 0
2769204, vec3(751.999; 62.1945; 1136.01), vec3(-0.999997; -0.000312755; 0.000127295), vec3(-0.000334328; 0.969953; -0.243293), vec3(-4.73782e-05; -0.243293; -0.969949), vec3(-0.002; -8.961; -35.157), vec3(-0.000334328; 0.969953; -0.243293), true, false, true, 2, 36.281, 0, 1, 0, 0, 176.789, 99.672, 0.148, 0, 0, 176.802, 99.672, 0.1485, 0, 0, 176.852, 99.672, 0.1385, 0, 0, 176.834, 99.672, 0.139, 0
2769253, vec3(751.999; 61.7295; 1134.26), vec3(-0.999996; -0.000263839; 0.000114899), vec3(-0.000285027; 0.963106; -0.269122), vec3(-3.9655e-05; -0.269122; -0.963102), vec3(-0.002; -10.164; -35.6025), vec3(-0.000285027; 0.963106; -0.269122), true, false, true, 2, 37.0245, 0, 1, 0, 0, 181.823, 101.715, 0.151, 0, 0, 181.836, 101.715, 0.1515, 0, 0, 181.881, 101.715, 0.138, 0, 0, 181.863, 101.715, 0.1385, 0
2769307, vec3(751.999; 61.2166; 1132.51), vec3(-0.999996; -0.000144471; 8.00553e-05), vec3(-0.000161662; 0.955463; -0.295112), vec3(-3.38547e-05; -0.295112; -0.955459), vec3(-0.001; -11.3746; -36.0456), vec3(-0.000161662; 0.955463; -0.295112), true, false, true, 2, 37.7972, 0, 1, 0, 0, 186.859, 104.16, 0.156, 0, 0, 186.872, 104.16, 0.156, 0, 0, 186.911, 103.883, 0.1368, 0, 0, 186.893, 103.883, 0.1368, 0
2769361, vec3(751.999; 60.5808; 1130.56), vec3(-0.999998; 1.29694e-05; 2.90592e-05), vec3(2.81158e-06; 0.945616; -0.325284), vec3(-3.16975e-05; -0.325284; -0.945614), vec3(-0.001; -12.7548; -36.5386), vec3(2.81158e-06; 0.945616; -0.325284), true, false, true, 2, 38.7006, 0, 1, 0, 0, 192.535, 106.177, 0.1584, 0, 0, 192.548, 106.177, 0.1584, 0, 0, 192.579, 106.177, 0.14, 0, 0, 192.56, 106.177, 0.14, 0
2769415, vec3(751.999; 59.87; 1128.59), vec3(-0.999998; 0.000104643; -3.72598e-06), vec3(9.91622e-05; 0.934999; -0.354651), vec3(-3.36279e-05; -0.354651; -0.934997), vec3(-0.001; -14.1798; -37.0342), vec3(9.91622e-05; 0.934999; -0.354651), true, false, true, 2, 39.6556, 0, 1, 0, 0, 198.34, 109.094, 0.1524, 0, 0, 198.353, 109.094, 0.1524, 0, 0, 198.393, 109.094, 0.1484, 0, 0, 198.37, 109.094, 0.1484, 0
2769467, vec3(751.999; 59.0524; 1126.51), vec3(-0.999999; -0.000140147; 9.33676e-05), vec3(-0.000165139; 0.924702; -0.380691), vec3(-3.29845e-05; -0.380691; -0.924701), vec3(-0.001; -15.55; -37.6102), vec3(-0.000165139; 0.924702; -0.380691), true, false, true, 2, 40.698, 0, 1, 0, 0, 204.514, 111.651, 0.1358, 0, 0, 204.526, 111.651, 0.1358, 0, 0, 204.567, 111.651, 0.1492, 0, 0, 204.544, 111.651, 0.15, 0
2769519, vec3(751.999; 58.2578; 1124.62), vec3(-0.999999; -0.000289997; 0.000155535), vec3(-0.000327968; 0.917007; -0.39887), vec3(-2.6956e-05; -0.39887; -0.917007), vec3(-0.001; -16.6952; -38.1762), vec3(-0.000327968; 0.917007; -0.39887), true, false, true, 2, 41.6668, 0, 1, 0, 0, 210.164, 114.307, 0.1254, 0, 0, 210.177, 114.307, 0.1256, 0, 0, 210.217, 114.307, 0.1378, 0, 0, 210.194, 114.307, 0.1378, 0
2769572, vec3(751.999; 57.37; 1122.62), vec3(-1; -0.000317411; 0.000169028), vec3(-0.000358905; 0.910364; -0.413807), vec3(-2.25298e-05; -0.413807; -0.910365), vec3(-0.001; -17.826; -38.809), vec3(-0.000358905; 0.910364; -0.413807), true, false, true, 2, 42.707, 0, 1, 0, 0, 216.182, 117.605, 0.123, 0, 0, 216.195, 117.605, 0.123, 0, 0, 216.236, 117.605, 0.122, 0, 0, 216.212, 117.605, 0.122, 0
2769624, vec3(751.999; 56.4023; 1120.56), vec3(-0.999999; -0.000231675; 0.000128257), vec3(-0.000264293; 0.90338; -0.42884), vec3(-1.65137e-05; -0.42884; -0.903379), vec3(-0.001; -19.12; -39.4076), vec3(-0.000264293; 0.90338; -0.42884), true, false, true, 2, 43.799, 0, 1, 0, 0, 222.488, 121.73, 0.1369, 0, 0, 222.501, 121.73, 0.1372, 0, 0, 222.526, 120.443, 0.11, 0, 0, 222.503, 120.443, 0.1103, 0
2769676, vec3(751.999; 55.39; 1118.5), vec3(-0.999999; -9.34662e-05; 6.10988e-05), vec3(-0.000110921; 0.89451; -0.447047), vec3(-1.28697e-05; -0.447047; -0.894509), vec3(-0.001; -20.242; -40.0855), vec3(-0.000110921; 0.89451; -0.447047), true, false, true, 2, 44.906, 0, 1, 0, 0, 228.825, 123.368, 0.099, 0, 0, 228.838, 123.368, 0.099, 0, 0, 228.856, 123.777, 0.114, 0, 0, 228.833, 123.777, 0.1145, 0
2769727, vec3(751.999; 54.3411; 1116.39), vec3(-0.999999; -6.76697e-05; 4.5686e-05), vec3(-8.0989e-05; 0.893059; -0.44994), vec3(-1.03529e-05; -0.44994; -0.893057), vec3(-0.001; -20.0121; -40.9842), vec3(-8.0989e-05; 0.893059; -0.44994), true, false, true, 3, 45.606, 0, 1, 0, 0, 235.289, 125.225, 0.005, 0, 0, 235.302, 125.225, 0.005, 0, 0, 235.33, 125.225, 0.104, 0, 0, 235.306, 125.225, 0.1047, 0
2769779, vec3(751.999; 53.3393; 1114.21), vec3(-0.999999; -0.00069742; 0.000310366), vec3(-0.000763356; 0.912033; -0.410115), vec3(2.95797e-06; -0.410115; -0.912033), vec3(0; -19.3186; -42.0017), vec3(-0.000763356; 0.912033; -0.410115), true, false, true, 3, 46.2295, 0, 1, 0, 0, 241.845, 126.879, 0.005, 0, 0, 241.857, 126.879, 0.005, 0, 0, 241.887, 126.879, 0.0648, 0, 0, 241.867, 126.879, 0.0658, 0
2769830, vec3(751.999; 52.401; 1112.01), vec3(-1; 0.000344197; -0.000140714), vec3(0.000371746; 0.934301; -0.356485), vec3(8.76847e-06; -0.356485; -0.934301), vec3(0; -17.766; -43.284), vec3(0.000371746; 0.934301; -0.356485), true, false, true, 3, 46.773, 0, 1, 0, 0, 248.358, 129.703, 0.01, 0, 0, 248.371, 129.703, 0.01, 0, 0, 248.399, 128.642, 0.005, 0, 0, 248.379, 128.642, 0.005, 0
2769879, vec3(751.999; 51.5403; 1109.75), vec3(-0.999999; 0.000357129; -0.000194007), vec3(0.000401381; 0.94277; -0.333442), vec3(6.38227e-05; -0.333442; -0.94277), vec3(0.003; -16.565; -44.5732), vec3(0.000401381; 0.94277; -0.333442), true, false, true, 3, 47.546, 0, 1, 0, 0, 254.963, 130.804, 0.005, 0, 0, 254.976, 130.804, 0.005, 0, 0, 254.995, 130.804, 0.005, 0, 0, 254.975, 130.804, 0.005, 0
2769930, vec3(752; 50.796; 1107.51), vec3(-0.999999; -0.00140059; 0.000353125), vec3(-0.00144196; 0.953736; -0.300643), vec3(8.42891e-05; -0.300643; -0.953737), vec3(0.004; -15.177; -45.933), vec3(-0.00144196; 0.953736; -0.300643), true, false, true, 3, 48.371, 0, 1, 0, 0, 261.414, 133.105, 0.005, 0, 0, 261.426, 133.105, 0.005, 0, 0, 261.445, 133.105, 0.009, 0, 0, 261.425, 133.105, 0.012, 0
2769982, vec3(751.999; 50.0884; 1105.11), vec3(-1; 0.000201417; -0.000188014), vec3(0.000242184; 0.967942; -0.251173), vec3(0.000131396; -0.251173; -0.967942), vec3(0.0051; -13.0594; -47.4292), vec3(0.000242184; 0.967942; -0.251173), true, false, true, 3, 49.1884, 0, 1, 0, 0, 268.243, 135.308, 0.005, 0, 0, 268.255, 135.308, 0.005, 0, 0, 268.275, 135.308, 0.005, 0, 0, 268.254, 135.308, 0.005, 0
2770034, vec3(751.999; 49.4779; 1102.58), vec3(-0.999993; -6.21663e-05; -0.000184367), vec3(-2.29761e-05; 0.978683; -0.205378), vec3(0.000193204; -0.205378; -0.978676), vec3(0.009; -11.235; -48.7012), vec3(-2.29761e-05; 0.978683; -0.205378), true, false, true, 3, 49.971, 0, 1, 0, 0, 275.321, 137.359, 0.0064, 0, 0, 275.334, 137.359, 0.0057, 0, 0, 275.353, 137.359, 0.005, 0, 0, 275.333, 137.359, 0.005, 0
2770090, vec3(752.001; 48.969; 1099.99), vec3(-0.999989; -0.000807364; -5.73516e-05), vec3(-0.000787303; 0.9867; -0.162552), vec3(0.000187828; -0.162552; -0.98669), vec3(0.0095; -8.924; -49.885), vec3(-0.000787303; 0.9867; -0.162552), true, false, true, 3, 50.6735, 0, 1, 0, 0, 282.506, 139.216, 0.005, 0, 0, 282.519, 139.216, 0.005, 0, 0, 282.538, 139.216, 0.005, 0, 0, 282.518, 139.216, 0.005, 0
2770135, vec3(752.001; 48.5442; 1097.09), vec3(-0.999994; -0.00134017; 5.59688e-05), vec3(-0.00133796; 0.993655; -0.112463), vec3(9.51065e-05; -0.112463; -0.993651), vec3(0.0058; -6.7684; -50.9452), vec3(-0.00133796; 0.993655; -0.112463), true, false, true, 3, 51.383, 0, 1, 0, 0, 290.492, 141.261, 0.0052, 0, 0, 290.505, 141.261, 0.0064, 0, 0, 290.524, 141.261, 0.005, 0, 0, 290.504, 141.261, 0.005, 0
2770196, vec3(752.001; 48.3008; 1094.82), vec3(-0.999995; 0.000275548; -3.61422e-05), vec3(0.000277584; 0.996629; -0.0820342), vec3(1.34159e-05; -0.0820342; -0.996624), vec3(0.0014; -5.0616; -51.642), vec3(0.000277584; 0.996629; -0.0820342), true, false, true, 3, 51.8838, 0, 1, 0, 0, 296.731, 142.511, 0.005, 0, 0, 296.743, 142.511, 0.005, 0, 0, 296.762, 142.511, 0.005, 0, 0, 296.742, 142.511, 0.005, 0
2770249, vec3(752.001; 48.0852; 1091.62), vec3(-0.999994; -0.000584806; 0.000100996), vec3(-0.000588185; 0.999295; -0.0375379), vec3(-7.89722e-05; -0.037538; -0.999289), vec3(-0.003; -2.5927; -52.448), vec3(-0.000588185; 0.999295; -0.0375379), true, false, true, 3, 52.5085, 0, 1, 0, 0, 305.475, 144.2, 0.005, 0, 0, 305.488, 144.2, 0.005, 0, 0, 305.507, 144.2, 0.005, 0, 0, 305.487, 144.2, 0.005, 0
2770310, vec3(752.002; 48.019; 1088.81), vec3(-0.999998; -0.00178823; 0.000193876), vec3(-0.00178776; 0.999996; 0.00237617), vec3(-0.000198124; 0.00237582; -0.999997), vec3(-0.009; -0.937; -53.001), vec3(-0.00178776; 0.999996; 0.00237617), true, false, true, 3, 52.999, 0, 1, 0, 0, 313.153, 145.722, 0.008, 0, 0, 313.166, 145.722, 0.011, 0, 0, 313.185, 145.722, 0.005, 0, 0, 313.164, 145.722, 0.005, 0
2770356, vec3(752.001; 48.0218; 1085.5), vec3(-0.999999; -0.00166519; 0.000300617), vec3(-0.0016603; 0.999877; 0.0156038), vec3(-0.000326563; 0.0156033; -0.999878), vec3(-0.0172; -0.2434; -53.5524), vec3(-0.0016603; 0.999877; 0.0156038), true, false, true, 3, 53.5416, 0, 1, 0, 0, 322.234, 147.165, 0.0408, 0, 0, 322.264, 147.165, 0.0436, 0, 0, 322.254, 147.165, 0.005, 0, 0, 322.234, 147.165, 0.005, 0
2770410, vec3(752; 48.0153; 1083.09), vec3(-0.999999; -0.00103359; 0.000378396), vec3(-0.00102958; 0.999945; 0.0104665), vec3(-0.000389193; 0.0104661; -0.999945), vec3(-0.0207; -0.2112; -53.9473), vec3(-0.00102958; 0.999945; 0.0104665), true, false, true, 3, 53.942, 0, 1, 0, 0, 328.875, 148.142, 0.0279, 0, 0, 328.905, 148.142, 0.0292, 0, 0, 328.896, 148.142, 0.005, 0, 0, 328.876, 148.142, 0.005, 0
2770467, vec3(751.999; 48.0069; 1080.17), vec3(-1; -0.000386854; 0.000442228), vec3(-0.000385545; 0.999996; 0.00295768), vec3(-0.000443371; 0.00295751; -0.999996), vec3(-0.024; -0.1438; -54.4341), vec3(-0.000385545; 0.999996; 0.00295768), true, false, true, 3, 54.4332, 0, 1, 0, 0, 336.911, 149.643, 0.0068, 0, 0, 336.941, 149.643, 0.0077, 0, 0, 336.931, 149.643, 0.005, 0, 0, 336.911, 149.643, 0.005, 0
2770523, vec3(751.997; 48.0078; 1077.05), vec3(-1; -1.69139e-07; 0.0004848), vec3(-6.30862e-07; 1; -0.0009524), vec3(-0.0004848; -0.0009524; -1), vec3(-0.026; 0.0736; -54.9622), vec3(-6.30862e-07; 1; -0.0009524), true, false, true, 3, 54.9622, 0, 1, 0, 0, 345.472, 150.918, 0.005, 0, 0, 345.502, 150.918, 0.005, 0, 0, 345.492, 150.918, 0.005, 0, 0, 345.472, 150.918, 0.005, 0
2770579, vec3(751.996; 48.014; 1073.91), vec3(-1; 0.000227645; 0.000513715), vec3(0.000226355; 0.999997; -0.00251106), vec3(-0.000514285; -0.00251094; -0.999997), vec3(-0.028; 0.1235; -55.4985), vec3(0.000226355; 0.999997; -0.00251106), true, false, true, 3, 55.4985, 0, 1, 0, 0, 354.117, 152.468, 0.005, 0, 0, 354.147, 152.468, 0.005, 0, 0, 354.137, 152.468, 0.01, 0, 0, 354.117, 152.468, 0.0095, 0
2770658, vec3(751.994; 48.021; 1070.84), vec3(-1; 0.000358429; 0.000531711), vec3(0.000357571; 0.999999; -0.00161209), vec3(-0.000532288; -0.0016119; -0.999999), vec3(-0.029; 0.121; -55.969), vec3(0.000357571; 0.999999; -0.00161209), true, false, true, 3, 55.969, 0, 1, 0, 0, 362.537, 153.844, 0.011, 0, 0, 362.567, 153.844, 0.01, 0, 0, 362.558, 153.844, 0.016, 0, 0, 362.538, 153.844, 0.015, 0
2770719, vec3(751.992; 48.027; 1066.4), vec3(-1; 0.000272084; 0.000548057), vec3(0.000273116; 0.999998; 0.00188293), vec3(-0.000547543; 0.00188307; -0.999998), vec3(-0.031; 0.0324; -56.444), vec3(0.000273116; 0.999998; 0.00188293), true, false, true, 3, 56.444, 0, 1, 0, 0, 374.733, 155.001, 0.0229, 0, 0, 374.763, 155.001, 0.0219, 0, 0, 374.753, 155.001, 0.018, 0, 0, 374.733, 155.001, 0.017, 0
2770778, vec3(751.99; 48.026; 1062.95), vec3(-1; 6.88901e-05; 0.000556139), vec3(7.11096e-05; 0.999992; 0.00399197), vec3(-0.000555859; 0.00399201; -0.999992), vec3(-0.031; -0.044; -56.807), vec3(7.11096e-05; 0.999992; 0.00399197), true, false, true, 3, 56.806, 0, 1, 0, 0, 384.22, 156.142, 0.026, 0, 0, 384.25, 156.142, 0.026, 0, 0, 384.24, 156.142, 0.015, 0, 0, 384.22, 156.142, 0.014, 0
2770836, vec3(751.988; 48.022; 1059.58), vec3(-1; -0.000126431; 0.000559723), vec3(-0.000123969; 0.99999; 0.00439602), vec3(-0.000560274; 0.00439595; -0.99999), vec3(-0.032; -0.0837; -57.1551), vec3(-0.000123969; 0.99999; 0.00439602), true, false, true, 3, 57.1541, 0, 1, 0, 0, 393.453, 156.952, 0.0231, 0, 0, 393.483, 156.952, 0.0231, 0, 0, 393.474, 156.952, 0.0101, 0, 0, 393.454, 156.952, 0.0101, 0
2770897, vec3(751.986; 48.0173; 1056.26), vec3(-1; -0.000230528; 0.000563021), vec3(-0.000228672; 0.999995; 0.00329426), vec3(-0.000563777; 0.00329413; -0.999994), vec3(-0.032; -0.0765; -57.499), vec3(-0.000228672; 0.999995; 0.00329426), true, false, true, 3, 57.4983, 0, 1, 0, 0, 402.585, 157.93, 0.0163, 0, 0, 402.615, 157.93, 0.0173, 0, 0, 402.606, 157.93, 0.0063, 0, 0, 402.585, 157.93, 0.007, 0
2770959, vec3(751.984; 48.014; 1052.74), vec3(-1; -0.000212806; 0.000565847), vec3(-0.000211994; 0.999999; 0.00143446), vec3(-0.000566152; 0.00143434; -0.999999), vec3(-0.033; -0.0318; -57.864), vec3(-0.000211994; 0.999999; 0.00143446), true, false, true, 3, 57.864, 0, 1, 0, 0, 412.249, 158.916, 0.0102, 0, 0, 412.279, 158.916, 0.0102, 0, 0, 412.269, 158.916, 0.006, 0, 0, 412.249, 158.916, 0.006, 0
2771018, vec3(751.981; 48.014; 1049.15), vec3(-1; -9.39938e-05; 0.000566001), vec3(-9.40062e-05; 1; -2.19734e-05), vec3(-0.000565999; -2.20266e-05; -1), vec3(-0.033; 0.021; -58.239), vec3(-9.40062e-05; 1; -2.19734e-05), true, false, true, 3, 58.239, 0, 1, 0, 0, 422.134, 160.079, 0.007, 0, 0, 422.164, 160.079, 0.008, 0, 0, 422.155, 160.079, 0.007, 0, 0, 422.134, 160.079, 0.007, 0
2771073, vec3(751.979; 48.016; 1045.7), vec3(-1; 4.58879e-05; 0.000567993), vec3(4.57121e-05; 1; -0.000309613), vec3(-0.000568007; -0.000309587; -1), vec3(-0.033; 0.0527; -58.5979), vec3(4.57121e-05; 1; -0.000309613), true, false, true, 3, 58.5979, 0, 1, 0, 0, 431.601, 160.915, 0.0089, 0, 0, 431.63, 160.915, 0.0089, 0, 0, 431.621, 160.915, 0.0099, 0, 0, 431.601, 160.915, 0.0099, 0
2771129, vec3(751.977; 48.0194; 1042.47), vec3(-1; 0.000138698; 0.000568025), vec3(0.000138902; 1; 0.000360761), vec3(-0.000567975; 0.000360839; -1), vec3(-0.033; 0.0538; -58.9324), vec3(0.000138902; 1; 0.000360761), true, false, true, 3, 58.9324, 0, 1, 0, 0, 440.478, 161.919, 0.013, 0, 0, 440.508, 161.919, 0.0124, 0, 0, 440.498, 161.919, 0.012, 0, 0, 440.478, 161.919, 0.012, 0
2771184, vec3(751.975; 48.0211; 1039.1), vec3(-1; 0.000161168; 0.000568122), vec3(0.000162032; 0.999999; 0.00152035), vec3(-0.000567877; 0.00152044; -0.999999), vec3(-0.034; 0.0314; -59.2781), vec3(0.000162032; 0.999999; 0.00152035), true, false, true, 3, 59.2781, 0, 1, 0, 0, 449.731, 162.919, 0.0171, 0, 0, 449.761, 162.919, 0.017, 0, 0, 449.751, 162.919, 0.013, 0, 0, 449.731, 162.919, 0.013, 0
2771243, vec3(751.973; 48.022; 1035.89), vec3(-1; 0.000112298; 0.000568139), vec3(0.000113702; 0.999997; 0.00247297), vec3(-0.00056786; 0.00247303; -0.999997), vec3(-0.034; 0; -59.605), vec3(0.000113702; 0.999997; 0.00247297), true, false, true, 3, 59.605, 0, 1, 0, 0, 458.548, 163.75, 0.0195, 0, 0, 458.577, 163.75, 0.0195, 0, 0, 458.568, 163.75, 0.013, 0, 0, 458.548, 163.75, 0.012, 0
2771294, vec3(751.971; 48.021; 1032.31), vec3(-1; 2.51804e-05; 0.000568037), vec3(2.68196e-05; 0.999996; 0.00288599), vec3(-0.000567962; 0.002886; -0.999996), vec3(-0.034; -0.0275; -59.967), vec3(2.68196e-05; 0.999996; 0.00288599), true, false, true, 3, 59.967, 0, 1, 0, 0, 468.4, 164.744, 0.0195, 0, 0, 468.43, 164.744, 0.0195, 0, 0, 468.419, 164.744, 0.011, 0, 0, 468.4, 164.744, 0.011, 0
2771347, vec3(751.969; 48.02; 1029.3), vec3(-1; -5.67469e-05; 0.000567926), vec3(-5.5253e-05; 0.999997; 0.00263001), vec3(-0.000568073; 0.00262998; -0.999997), vec3(-0.034; -0.0235; -60.2695), vec3(-5.5253e-05; 0.999997; 0.00263001), true, false, true, 3, 60.269, 0, 1, 0, 0, 476.656, 165.602, 0.016, 0, 0, 476.686, 165.602, 0.0165, 0, 0, 476.676, 165.602, 0.0085, 0, 0, 476.656, 165.602, 0.009, 0
2771402, vec3(751.967; 48.019; 1026.1), vec3(-1; -0.000103363; 0.000569898), vec3(-0.000102237; 0.999998; 0.00197603), vec3(-0.000570101; 0.00197597; -0.999998), vec3(-0.0348; -0.0126; -60.5908), vec3(-0.000102237; 0.999998; 0.00197603), true, false, true, 3, 60.5908, 0, 1, 0, 0, 485.453, 166.435, 0.0142, 0, 0, 485.483, 166.435, 0.0142, 0, 0, 485.473, 166.435, 0.008, 0, 0, 485.453, 166.435, 0.0088, 0
2771454, vec3(752.385; 48.0336; 1023.63), vec3(-0.984991; 0.0268894; -0.170499), vec3(0.0265074; 0.999638; 0.00451675), vec3(0.170559; -7.05251e-05; -0.985347), vec3(11.2092; 0.5272; -32.4384), vec3(0.0265074; 0.999638; 0.00451675), true, false, true, 2, 33.856, 0, 1, 0, 0, 493.223, 101.815, 0.0272, 0, 0, 493.205, 92.209, 0.0071, 0, 0, 493.243, 101.815, 0.0247, 0, 0, 493.175, 92.209, 0.005, 0
2771507, vec3(752.863; 48.1116; 1022.07), vec3(-0.860803; 0.0947081; -0.500049), vec3(0.0896539; 0.995386; 0.0341902), vec3(0.50098; -0.0154003; -0.865322), vec3(12.6545; 0.4825; -28.6175), vec3(0.0896539; 0.995386; 0.0341902), true, false, true, 2, 31.102, 0, 1, 0, 0, 498.629, 106.815, 0.0485, 0, 0, 497.828, 85.449, 0.005, 0, 0, 498.65, 106.815, 0.0655, 0, 0, 497.798, 85.449, 0.032, 0
2771561, vec3(753.77; 48.1478; 1020.7), vec3(-0.730012; 0.115281; -0.673642), vec3(0.100599; 0.99306; 0.0609269), vec3(0.675991; -0.0232902; -0.736543), vec3(19.9333; -0.1858; -21.8209), vec3(0.100599; 0.99306; 0.0609269), true, false, true, 2, 29.551, 0, 1, 0, 0, 504.529, 111.815, 0.0844, 0, 0, 502.316, 81.427, 0.005, 0, 0, 504.549, 111.815, 0.0476, 0, 0, 502.298, 81.427, 0.0647, 0
2771616, vec3(754.82; 48.1262; 1019.57), vec3(-0.667172; 0.106443; -0.73726), vec3(0.0848908; 0.994154; 0.0667114), vec3(0.740051; -0.0180786; -0.672308), vec3(20.2396; -0.8748; -19.7222), vec3(0.0848908; 0.994154; 0.0667114), true, false, false, 2, 28.2538, 0, 1, 0, 0, 510.605, 117.815, 0.1118, 0, 0, 506.535, 77.756, 0.006, 0, 0, 510.625, 117.815, 0.0654, 0, 0, 506.516, 77.756, 0.0494, 0
2771669, vec3(755.956; 48.0551; 1018.54), vec3(-0.621282; 0.0522531; -0.781842), vec3(0.0358765; 0.998625; 0.0382326), vec3(0.782765; -0.0042965; -0.622302), vec3(20.9768; -1.5929; -17.3491), vec3(0.0358765; 0.998625; 0.0382326), true, false, false, 2, 27.2238, 0, 1, 0, 0, 516.42, 75.033, 0.109, 0, 0, 510.728, 75.033, 0.01, 0, 0, 517.24, 122.815, 0.0985, 0, 0, 510.709, 75.033, 0.0201, 0
2771719, vec3(757.1; 48.043; 1017.67), vec3(-0.587883; -0.0295359; -0.808407), vec3(-0.0273584; 0.999488; -0.0166219), vec3(0.808483; 0.0123449; -0.58839), vec3(21.317; -0.735; -15.861), vec3(-0.0273584; 0.999488; -0.0166219), true, false, false, 2, 26.558, 0, 1, 0, 0, 520.345, 72.961, 0.01, 0, 0, 514.666, 75.644, 0.026, 0, 0, 521.307, 72.961, 0.01, 0, 0, 514.634, 74.305, 0.01, 0
2771768, vec3(758.168; 48.079; 1016.9), vec3(-0.563923; -0.0696874; -0.822882), vec3(-0.0502523; 0.997482; -0.0500358), vec3(0.824297; 0.0131353; -0.566006), vec3(21.198; -0.978; -14.975), vec3(-0.0502523; 0.997482; -0.0500358), true, false, false, 2, 25.937, 0, 1, 0, 0, 523.959, 71.255, 0.029, 0, 0, 518.548, 80.644, 0.065, 0, 0, 524.921, 71.255, 0.01, 0, 0, 518.449, 79.305, 0.053, 0
2771819, vec3(759.202; 48.0656; 1016.17), vec3(-0.54874; -0.0665533; -0.833338), vec3(-0.0399762; 0.997775; -0.053362), vec3(0.835035; 0.00403183; -0.550179), vec3(21.3781; -1.3263; -14.4055), vec3(-0.0399762; 0.997775; -0.053362), true, false, false, 2, 25.7721, 0, 1, 0, 0, 527.441, 70.879, 0.0135, 0, 0, 522.595, 84.644, 0.0954, 0, 0, 528.403, 70.879, 0.01, 0, 0, 522.431, 83.305, 0.0854, 0
2771868, vec3(760.279; 48.031; 1015.43), vec3(-0.538469; -0.0225735; -0.842343), vec3(-0.00754001; 0.99973; -0.0219713), vec3(0.842612; -0.00547959; -0.538494), vec3(21.53; -1.182; -13.864), vec3(-0.00754001; 0.99973; -0.0219713), true, false, false, 2, 25.613, 0, 1, 0, 0, 531.043, 70.366, 0.01, 0, 0, 526.36, 70.366, 0.047, 0, 0, 532.006, 70.366, 0.01, 0, 0, 526.181, 70.366, 0.059, 0
2771918, vec3(761.343; 48.037; 1014.73), vec3(-0.530336; 0.0225873; -0.847487), vec3(0.0195295; 0.999705; 0.0144232), vec3(0.847563; -0.00890187; -0.530621), vec3(21.541; -0.604; -13.555), vec3(0.0195295; 0.999705; 0.0144232), true, false, false, 2, 25.455, 0, 1, 0, 0, 534.553, 71.018, 0.012, 0, 0, 529.87, 69.932, 0.01, 0, 0, 535.526, 72.105, 0.032, 0, 0, 529.69, 69.932, 0.012, 0
2771967, vec3(762.409; 48.035; 1014.03), vec3(-0.525428; 0.0319904; -0.850236), vec3(0.0196992; 0.999482; 0.0254321), vec3(0.85061; -0.00338623; -0.525787), vec3(21.349; -0.777; -13.23), vec3(0.0196992; 0.999482; 0.0254321), true, false, false, 2, 25.118, 0, 0, 0, 0, 538.149, 69.007, 0.051, 0, 0, 533.357, 69.007, 0.01, 0, 0, 539.166, 69.007, 0.064, 0, 0, 533.178, 69.007, 0.01, 0
2772014, vec3(763.425; 48.0126; 1013.42), vec3(-0.521961; 0.0118266; -0.852886), vec3(0.00586437; 0.99993; 0.0102766), vec3(0.852947; 0.000362379; -0.521994), vec3(20.5796; -0.5862; -12.6154), vec3(0.00586437; 0.99993; 0.0102766), true, false, false, 1, 24.1386, 0, 0, 0, 0, 541.41, 66.76, 0.0264, 0, 0, 536.618, 66.76, 0.01, 0, 0, 542.427, 66.76, 0.027, 0, 0, 536.439, 66.76, 0.01, 0
2772065, vec3(764.382; 48.0095; 1012.84), vec3(-0.51936; -0.00798065; -0.854517), vec3(-0.00462958; 0.999968; -0.00652529), vec3(0.854542; 0.000567071; -0.519381), vec3(19.8085; -0.1335; -12.0605), vec3(-0.00462958; 0.999968; -0.00652529), true, false, false, 1, 23.191, 0, 0, 0, 0, 544.478, 63.987, 0.01, 0, 0, 539.686, 63.987, 0.01, 0, 0, 545.495, 63.987, 0.01, 0, 0, 539.507, 63.987, 0.01, 0
2772121, vec3(765.382; 48.0202; 1012.24), vec3(-0.51727; -0.0194483; -0.855601), vec3(-0.00928361; 0.99981; -0.0171137), vec3(0.855771; -0.000909346; -0.517353), vec3(19.3398; -0.0206; -11.7122), vec3(-0.00928361; 0.99981; -0.0171137), true, false, false, 1, 22.6102, 0, 0, 0, 0, 547.686, 62.244, 0.01, 0, 0, 542.894, 62.244, 0.0278, 0, 0, 548.703, 62.244, 0.01, 0, 0, 542.715, 62.244, 0.0294, 0
2772166, vec3(766.456; 48.025; 1011.59), vec3(-0.515725; -0.0219951; -0.856472), vec3(-0.00917056; 0.999755; -0.0201526), vec3(0.856705; -0.00253889; -0.5158), vec3(18.9936; -0.082; -11.4532), vec3(-0.00917056; 0.999755; -0.0201526), true, false, false, 1, 22.1798, 0, 0, 0, 0, 551.137, 60.975, 0.01, 0, 0, 546.346, 60.975, 0.036, 0, 0, 552.154, 60.975, 0.01, 0, 0, 546.166, 60.975, 0.043, 0
2772220, vec3(767.304; 48.0233; 1011.07), vec3(-0.514901; -0.0174968; -0.857071), vec3(-0.00595071; 0.999841; -0.0168364), vec3(0.857229; -0.0035689; -0.514923), vec3(18.7163; -0.14; -11.2569), vec3(-0.00595071; 0.999841; -0.0168364), true, false, false, 1, 21.8412, 0, 0, 0, 0, 553.863, 60.147, 0.01, 0, 0, 549.071, 60.147, 0.0306, 0, 0, 554.88, 60.147, 0.01, 0, 0, 548.892, 60.147, 0.0413, 0
